id,titulo,ementa,link,ato_concreto,complexidade,obrigacao,extrafiscal,onus_penalidade
14210,"Instrução Normativa RFB nº 1282, de 16 de julho de 2012",Dispõe sobre o despacho aduaneiro de importação de mercadoria transportada a granel objeto de descarga direta.,http://normas.receita.fazenda.gov.br/sijut2consulta/link.action?visao=anotado&idAto=38354,,,,,
17290,"Portaria CGSNSE nº 18, de 26 de setembro de 2013",Dispõe sobre prorrogação de prazo no Simples Nacional para contribuintes com sede no Município de Taquarituba (SP).,http://normas.receita.fazenda.gov.br/sijut2consulta/link.action?visao=anotado&idAto=46408,,,,,
13516,"Instrução Normativa RFB nº 1155, de 13 de maio de 2011",Dispõe sobre procedimentos e medidas de controle referentes à exportação de cigarros.,http://normas.receita.fazenda.gov.br/sijut2consulta/link.action?visao=anotado&idAto=16127,,,,,
17816,"Portaria Derat/SPO nº 377, de 09 de setembro de 2013",Exclui pessoa jurídica do REFIS.,http://normas.receita.fazenda.gov.br/sijut2consulta/link.action?visao=anotado&idAto=45962,,,,,
13828,"Instrução Normativa RFB nº 1311, de 28 de dezembro de 2012","Altera a Instrução Normativa RFB nº 1.131, de 21 de fevereiro de 2011, que dispõe sobre os procedimentos a serem adotados para fruição dos benefícios fiscais relativos ao Imposto sobre a Renda das Pessoas Físicas nas doações aos Fundos dos Direitos da Criança e do Adolescente, nas doações aos Fundos do Idoso, nos investimentos e patrocínios em obras audiovisuais, nas doações e patrocínios de projetos culturais, nas doações e patrocínios em projetos desportivos e paradesportivos e na contribuição patronal paga à Previdência Social incidente sobre a remuneração do empregado doméstico.",http://normas.receita.fazenda.gov.br/sijut2consulta/link.action?visao=anotado&idAto=39251,,,,,
30239,"Portaria ALF/SPO nº 594, de 11 de junho de 2014","Prorroga a vigência da Portaria ALF/SPO nº 362, de 24.05.2013.",http://normas.receita.fazenda.gov.br/sijut2consulta/link.action?visao=anotado&idAto=53318,,,,,
635,"Instrução Normativa SRF nº 91, de 08 de novembro de 1985",Regulamenta o processo de autorização e o funcionamento de terminais retroportuários alfandegados. Revogado(a) pelo(a) Instrução Normativa RFB nº 1946 de 06 de maio de 2020,http://normas.receita.fazenda.gov.br/sijut2consulta/link.action?visao=anotado&idAto=108711,,,,,
48656,"Portaria PGFN nº 457, de 05 de maio de 2016","Revoga a Portaria PGFN nº 809, de 13 de maio de 2009.",http://normas.receita.fazenda.gov.br/sijut2consulta/link.action?visao=anotado&idAto=117774,,,,,
947,"Instrução Normativa SRF nº 97, de 16 de julho de 1987","Dispõe sobre o recolhimento da contribuição para o FINSOCIAL das instituições financeiras, sociedades seguradoras e demais entidades a elas equiparadas. Revogado(a) pelo(a) Instrução Normativa SRF nº 79 de 01 de agosto de 2000",http://normas.receita.fazenda.gov.br/sijut2consulta/link.action?visao=anotado&idAto=106910,,,,,
66896,"Portaria ALF/FOR nº 4, de 16 de janeiro de 2018",Delega competência ao Delegado-Adjunto para prática de atos no âmbito da Alfândega de Fortaleza.,http://normas.receita.fazenda.gov.br/sijut2consulta/link.action?visao=anotado&idAto=89537,,,,,
4138,"Instrução Normativa SRF nº 35, de 05 de julho de 1995","Torna sem efeito a IN/SRF/Nº 26, de 19 de fevereiro de 1988, que disciplina o recolhimento de rendas destinadas ao Fundo de Prevenção, Recuperação e Combate às Drogas de Abuso - FUNCAB.",http://normas.receita.fazenda.gov.br/sijut2consulta/link.action?visao=anotado&idAto=13593,,,,,
2818,"Portaria MF nº 409, de 02 de agosto de 1993","""Reduz para zero as alíquotas do Imposto de Importação, para os produtos que menciona.""",http://normas.receita.fazenda.gov.br/sijut2consulta/link.action?visao=anotado&idAto=27553,,,,,
53487,"Portaria Derat/SPO nº 230, de 20 de setembro de 2017",Exclui pessoa jurídica do REFIS.,http://normas.receita.fazenda.gov.br/sijut2consulta/link.action?visao=anotado&idAto=86505,,,,,
3839,"Portaria SRF nº 1029, de 24 de fevereiro de 1994",Instalação de unidades organizacionais na 8º Região Fiscal da Receita Federal.,http://normas.receita.fazenda.gov.br/sijut2consulta/link.action?visao=anotado&idAto=29977,,,,,
10217,"Instrução Normativa SRF nº 638, de 24 de março de 2006","Acrescenta novos códigos NCM ao anexo II da Instrução Normativa SRF nº 422, de 17 de maio de 2004.",http://normas.receita.fazenda.gov.br/sijut2consulta/link.action?visao=anotado&idAto=15576,,,,,
3216,"Portaria MF nº 707, de 30 de dezembro de 1994","""Altera a alíquota do imposto de importação do trigo em grão descascado"".",http://normas.receita.fazenda.gov.br/sijut2consulta/link.action?visao=anotado&idAto=29275,,,,,
1121,"Instrução Normativa SRF nº 130, de 12 de setembro de 1988","Dispõe sobre a divulgação das taxas de câmbio, para efeito da conversão da base de cálculo do imposto de importação. Revogado(a) pelo(a) Instrução Normativa SRF nº 135 de 16 de setembro de 1988",http://normas.receita.fazenda.gov.br/sijut2consulta/link.action?visao=anotado&idAto=106424,,,,,
63138,"Portaria RFB nº 1278, de 08 de agosto de 2018","Divulga os resultados do 2º trimestre de 2018 dos indicadores definidos pela Portaria RFB nº 412, de 19 de março de 2018 e altera a Portaria RFB nº 274, de 27 de fevereiro de 2018.",http://normas.receita.fazenda.gov.br/sijut2consulta/link.action?visao=anotado&idAto=94001,,,,,
6837,"Portaria SRF nº 609, de 07 de abril de 2000",Dispõe sobre a extração de dados armazenados nas bases de dados em uso na Secretaria da Receita Federal-SRF.,http://normas.receita.fazenda.gov.br/sijut2consulta/link.action?visao=anotado&idAto=28918,,,,,
5028,"Portaria SRF nº 767, de 13 de junho de 1997",Dispõe sobre a lotação e remoção de integrantes da Carreira de Auditoria do Tesouro Nacional. Revogado(a) pelo(a) Portaria RFB nº 4446 de 23 de setembro de 2020,http://normas.receita.fazenda.gov.br/sijut2consulta/link.action?visao=anotado&idAto=112633,,,,,
43648,"Portaria DRF/JOA nº 75, de 19 de dezembro de 2016",Anexa Agência ao Gabinete desta Delegacia,http://normas.receita.fazenda.gov.br/sijut2consulta/link.action?visao=anotado&idAto=79307,,,,,
3577,"Portaria MF nº 384, de 29 de junho de 1994",Dispõe sobre as Delegacias da Receita Federal de Julgamento da Secretaria da Receita Federal. Revogado(a) pelo(a) Portaria MF nº 258 de 24 de agosto de 2001,http://normas.receita.fazenda.gov.br/sijut2consulta/link.action?visao=anotado&idAto=27285,,,,,
79540,"Resolução CGSIM nº 52, de 19 de fevereiro de 2020","Altera a Resolução CGSIM nº 48, de 11 de outubro de 2018.",http://normas.receita.fazenda.gov.br/sijut2consulta/link.action?visao=anotado&idAto=113311,,,,,
6033,"Instrução Normativa SRF nº 123, de 11 de outubro de 1999",Dispõe sobre o imposto de renda incidente nos rendimentos e ganhos líquidos auferidos em operações de renda fixa e de renda variável. Revogado(a) pelo(a) Instrução Normativa SRF nº 25 de 06 de março de 2001,http://normas.receita.fazenda.gov.br/sijut2consulta/link.action?visao=anotado&idAto=14844,,,,,
1936,"Instrução Normativa DPRF nº 64, de 04 de setembro de 1991","Dá nova redação ao Item 1 da Instrução Normativa RF Nº 08, de 21 de janeiro de 1991. Revogado(a) pelo(a) Portaria SRF nº 2609 de 20 de setembro de 2001",http://normas.receita.fazenda.gov.br/sijut2consulta/link.action?visao=anotado&idAto=14086,,,,,
47764,"Portaria ALF/MNS nº 60, de 06 de junho de 2016",Aplicação de penalidade.,http://normas.receita.fazenda.gov.br/sijut2consulta/link.action?visao=anotado&idAto=74635,,,,,
9238,"Instrução Normativa SRF nº 393, de 02 de fevereiro de 2004",Retificação Revogado(a) pelo(a) Instrução Normativa SRF nº 507 de 11 de fevereiro de 2005,http://normas.receita.fazenda.gov.br/sijut2consulta/link.action?visao=anotado&idAto=15293,,,,,
4225,"Portaria MF nº 136, de 10 de abril de 1995","""Altera , para zero, a alíquota do imposto de importação, até 30/04/95, dos produtos que relaciona"".",http://normas.receita.fazenda.gov.br/sijut2consulta/link.action?visao=anotado&idAto=23677,,,,,
74712,"Portaria IRF/SSO nº 4, de 15 de dezembro de 2020","Disciplina o uso dos equipamentos de inspeção não invasiva de cargas e bagagens exigidos do Porto Organizado de São Sebastião, recinto alfandegado jurisdicionado pela Inspetoria da Receita Federal do Brasil em São Sebastião, em atendimento aos requisitos estabelecidos pela Portaria RFB nº 3.518, de 30 de setembro de 2011.",http://normas.receita.fazenda.gov.br/sijut2consulta/link.action?visao=anotado&idAto=114395,,,,,
1012,"Instrução Normativa SRF nº 34, de 01 de abril de 1987",Dispõe sobre as contribuições e doações efetuadas por pessoas físicas ou jurídicas ao Fundo das Nações Unidas para a Infância — UNICEF. Revogado(a) pelo(a) Instrução Normativa SRF nº 79 de 01 de agosto de 2000,http://normas.receita.fazenda.gov.br/sijut2consulta/link.action?visao=anotado&idAto=106719,,,,,
5242,"Ato Declaratório Normativo Cosit nº 5, de 09 de janeiro de 1997","""Dispõe sobre a aplicação de multa no despacho aduaneiro.""",http://normas.receita.fazenda.gov.br/sijut2consulta/link.action?visao=anotado&idAto=5797,,,,,
489,"Instrução Normativa SRF nº 105, de 19 de outubro de 1984","Dispõe sobre a inscrição, no CGC, dos consórcios constituídos nos termos dos artigos 278 e 279 da Lei 6.404, de 15.12.76, e sobre a tributação dos rendimentos decorrentes de suas atividades. Revogado(a) pelo(a) Instrução Normativa SRF nº 14 de 10 de fevereiro de 1998",http://normas.receita.fazenda.gov.br/sijut2consulta/link.action?visao=anotado&idAto=109461,,,,,
58938,"Instrução Normativa RFB nº 1687, de 31 de janeiro de 2017","Regulamenta o Programa de Regularização Tributária (PRT), instituído pela Medida Provisória nº 766, de 4 de janeiro de 2017, perante a Secretaria da Receita Federal do Brasil (RFB).",http://normas.receita.fazenda.gov.br/sijut2consulta/link.action?visao=anotado&idAto=80099,,,,,
646,"Instrução Normativa SRF nº 78, de 11 de setembro de 1985",Produtos do Capítulo 24 da TIPI (Cigarros) Revogado(a) pelo(a) Instrução Normativa SRF nº 79 de 01 de agosto de 2000,http://normas.receita.fazenda.gov.br/sijut2consulta/link.action?visao=anotado&idAto=108642,,,,,
71607,"Portaria DRF/MCR nº 9, de 20 de maio de 2019",Exclui pessoa jurídica do REFIS.,http://normas.receita.fazenda.gov.br/sijut2consulta/link.action?visao=anotado&idAto=100921,,,,,
588,"Instrução Normativa SRF nº 135, de 30 de dezembro de 1985","Aprova tabela que contém valores expressos em cruzeiros na legislação do Imposto de Renda, a vigorar no exercício financeiro de 1986. Revogado(a) pelo(a) Instrução Normativa SRF nº 79 de 01 de agosto de 2000",http://normas.receita.fazenda.gov.br/sijut2consulta/link.action?visao=anotado&idAto=109012,,,,,
5544,"Ato Declaratório Normativo Cosit nº 24, de 16 de julho de 1998","Divulga o valor do dólar dos Estados Unidos correspondente ao último dia útil da primeira quinzena do mês de julho/98, para os efeitos dos arts. 5o e 6o da Lei No 9.250/95.",http://normas.receita.fazenda.gov.br/sijut2consulta/link.action?visao=anotado&idAto=6000,,,,,
5093,"Instrução Normativa SRF nº 42, de 06 de maio de 1997",Dispõe sobre a restituição de Imposto de Renda às pessoas físicas ausentes no exterior a serviço do governo brasileiro.,http://normas.receita.fazenda.gov.br/sijut2consulta/link.action?visao=anotado&idAto=13727,,,,,
34117,"Portaria ALF/PCE nº 48, de 29 de dezembro de 2015","Estabelece normas e procedimentos para a admissão na ZPE de Pecém de matéria prima a granel, destinada a integrar o processo produtivo de empresa autorizada a operar na ZPE de Pecém e adquirida com os benefícios previstos na Lei nº 11.508/2007. Revogado(a) pelo(a) Portaria IRF/PCE nº 7 de 24 de abril de 2018",http://normas.receita.fazenda.gov.br/sijut2consulta/link.action?visao=anotado&idAto=70701,,,,,
6171,"Portaria Cosar nº 24, de 29 de junho de 1999",Desliga o Banco Francês e Brasileiro S.A. da Rede Arrecadadora de Receitas Federais - RARF.,http://normas.receita.fazenda.gov.br/sijut2consulta/link.action?visao=anotado&idAto=21405,,,,,
17008,"Portaria ALF/SPO nº 448, de 01 de outubro de 2013","Prorroga a vigência da Portaria ALF/SPO nº 362, de 24.05.2013.",http://normas.receita.fazenda.gov.br/sijut2consulta/link.action?visao=anotado&idAto=46782,,,,,
8914,"Instrução Normativa SRF nº 461, de 17 de outubro de 2004",Dispõe sobre o Cadastro de Pessoas Físicas (CPF). Revogado(a) pelo(a) Instrução Normativa RFB nº 864 de 25 de julho de 2008,http://normas.receita.fazenda.gov.br/sijut2consulta/link.action?visao=anotado&idAto=15368,,,,,
131,"Instrução Normativa SRF nº 1, de 07 de janeiro de 1980","Dá nova redação a itens das IN SRF Nº s 10/71, 27/76, 15/77, 32/77, 50/77 e 9/78, que estabelecem normas de aproveitamento de crédito excedente do IPI. Revogado(a) pelo(a) Instrução Normativa SRF nº 79 de 01 de agosto de 2000",http://normas.receita.fazenda.gov.br/sijut2consulta/link.action?visao=anotado&idAto=109018,,,,,
56168,"Portaria SRRF02 nº 239, de 01 de junho de 2017","Transfere, temporariamente, atribuições e competências entre delegacias da 2ª Região Fiscal.",http://normas.receita.fazenda.gov.br/sijut2consulta/link.action?visao=anotado&idAto=83324,,,,,
1032,"Instrução Normativa SRF nº 15, de 19 de janeiro de 1987","Aprova tabela que atualiza valores expressos em cruzados na legislação do Imposto de Renda relativo às pessoas físicas, a vigorar no exercício de 1987. Revogado(a) pelo(a) Instrução Normativa SRF nº 79 de 01 de agosto de 2000",http://normas.receita.fazenda.gov.br/sijut2consulta/link.action?visao=anotado&idAto=106611,,,,,
7926,"Instrução Normativa SRF nº 190, de 09 de agosto de 2002",Dispõe sobre o Cadastro de Pessoas Físicas (CPF). Revogado(a) pelo(a) Instrução Normativa SRF nº 461 de 17 de outubro de 2004,http://normas.receita.fazenda.gov.br/sijut2consulta/link.action?visao=anotado&idAto=15056,,,,,
5918,"Instrução Normativa SRF nº 155, de 22 de dezembro de 1999",Dispõe sobre a utilização de declaração simplificada na importação e na exportação. Revogado(a) pelo(a) Instrução Normativa SRF nº 611 de 18 de janeiro de 2006,http://normas.receita.fazenda.gov.br/sijut2consulta/link.action?visao=anotado&idAto=14982,,,,,
78973,"Portaria DRF/ITA nº 6, de 25 de março de 2020","Dispõe sobre a suspensão temporária das atividades do atendimento presencial no Centro de Atendimento ao Contribuinte (CAC) da Delegacia da Receita Federal do Brasil em Itabuna (BA), em função da insuficiência de servidores e com vistas a reforçar os cuidados preventivos e diminuir o risco de contágio pelo novo coronavírus (SARS-CoV-2).",http://normas.receita.fazenda.gov.br/sijut2consulta/link.action?visao=anotado&idAto=108121,,,,,
306,"Instrução Normativa SRF nº 12, de 16 de março de 1982",Produtos do capítulo 24 da TIPI Revogado(a) pelo(a) Instrução Normativa SRF nº 79 de 01 de agosto de 2000,http://normas.receita.fazenda.gov.br/sijut2consulta/link.action?visao=anotado&idAto=109701,,,,,
39194,"Portaria ALF/VIT nº 84, de 02 de junho de 2015","Estabelece exigências complementares a serem observadas pelas administradoras de recintos alfandegados na jurisdição da ALF/VIT, quanto à contratação de serviços de transportes de cargas.",http://normas.receita.fazenda.gov.br/sijut2consulta/link.action?visao=anotado&idAto=64840,,,,,
263,"Instrução Normativa SRF nº 66, de 01 de outubro de 1982","Dispõe sobre Valor tributável, Ferro e Manganês Revogado(a) pelo(a) Instrução Normativa SRF nº 79 de 01 de agosto de 2000",http://normas.receita.fazenda.gov.br/sijut2consulta/link.action?visao=anotado&idAto=110428,,,,,
79,"Instrução Normativa SRF nº 61, de 04 de junho de 1980",Disciplina o recolhimento das receitas federais destinadas aos Fundos Aeroviário e de Desenvolvimento do Ensino Profissional Marítimo. Revogado(a) pelo(a) Instrução Normativa SRF nº 79 de 01 de agosto de 2000,http://normas.receita.fazenda.gov.br/sijut2consulta/link.action?visao=anotado&idAto=109432,,,,,
54227,"Portaria DRF/NAT nº 80, de 24 de agosto de 2017",Exclui pessoas jurídicas do REFIS.,http://normas.receita.fazenda.gov.br/sijut2consulta/link.action?visao=anotado&idAto=85662,,,,,
11881,"Portaria RFB nº 1838, de 31 de julho de 2009","Altera a Portaria RFB nº 1.022, de 30 de março de 2009, que estabelece requisitos e procedimentos para o alfandegamento de locais e recintos e dá outras providências. Revogado(a) pelo(a) Portaria RFB nº 2438 de 21 de dezembro de 2010",http://normas.receita.fazenda.gov.br/sijut2consulta/link.action?visao=anotado&idAto=30480,,,,,
14356,"Portaria DRF/LIM nº 53, de 23 de maio de 2012",Exclui pessoa jurídica do REFIS.,http://normas.receita.fazenda.gov.br/sijut2consulta/link.action?visao=anotado&idAto=69388,,,,,
3784,"Instrução Normativa SRF nº 21, de 24 de março de 1994","Dá nova redação à Instrução Normativa SRF nº 1, de 4 de janeiro de 1993, que disciplina o Despacho Aduaneiro de Remessa Expressa (DAE) e dá outras providências. Revogado(a) pelo(a) Instrução Normativa SRF nº 57 de 01 de outubro de 1996",http://normas.receita.fazenda.gov.br/sijut2consulta/link.action?visao=anotado&idAto=13298,,,,,
6914,"Instrução Normativa SRF nº 15, de 14 de fevereiro de 2000","Altera dispositivo da Instrução Normativa nº 45, de 5 de maio de 1998, que estabelece procedimentos relativos à Instrução Normativa SRF nº 073, de 19 de dezembro de 1996, que dispõe sobre a Declaração de Contribuições e Tributos Federais-DCTF. Revogado(a) pelo(a) Instrução Normativa RFB nº 1949 de 12 de maio de 2020",http://normas.receita.fazenda.gov.br/sijut2consulta/link.action?visao=anotado&idAto=13147,,,,,
914,"Instrução Normativa SRF nº 134, de 01 de outubro de 1987",Dispõe sobre o cálculo do recolhimento mensal do imposto de renda pelas pessoas físicas sobre os rendimentos auferidos a partir de 1º de setembro de 1987. Revogado(a) pelo(a) Instrução Normativa SRF nº 79 de 01 de agosto de 2000,http://normas.receita.fazenda.gov.br/sijut2consulta/link.action?visao=anotado&idAto=107387,,,,,
74962,"Portaria ALF/SDR nº 16, de 30 de novembro de 2020","""Delega competências.""",http://normas.receita.fazenda.gov.br/sijut2consulta/link.action?visao=anotado&idAto=114077,,,,,
5713,"Portaria SRF nº 1165, de 15 de abril de 1998","Dispõe sobre a rescisão de convênios e termos de cooperação celebrados pela Secretaria da Receita Federal, nos casos que especifica.",http://normas.receita.fazenda.gov.br/sijut2consulta/link.action?visao=anotado&idAto=30157,,,,,
571,"Parecer Normativo CST nº 2, de 15 de fevereiro de 1984","As contas que registrem recursos aplicados na aquisição de partes, peças, máquinas e equipamentos de reposição de bens do imobilizado, quando referidas partes e peças tiverem vida útil superior a um ano, devem ser classificadas no ativo imobilizado.",http://normas.receita.fazenda.gov.br/sijut2consulta/link.action?visao=anotado&idAto=30880,,,,,
4848,"Portaria MF nº 301, de 17 de novembro de 1997","Fixa as alíquotas do Imposto sobre Operações de Crédito, Câmbio e Seguro, ou relativas a Títulos ou Valores Mobiliários - IOF incidentes no resgate de quotas do Fundo de Aposentadoria Programada Individual - FAPI.",http://normas.receita.fazenda.gov.br/sijut2consulta/link.action?visao=anotado&idAto=26369,,,,,
6559,"Instrução Normativa SRF nº 94, de 10 de outubro de 2000",Aprova alterações da Coletânea de Pareceres de Classificação de Mercadorias adotados pela Organização Mundial das Alfândegas - OMA. Revogado(a) pelo(a) Instrução Normativa SRF nº 615 de 31 de janeiro de 2006,http://normas.receita.fazenda.gov.br/sijut2consulta/link.action?visao=anotado&idAto=14529,,,,,
16645,"Portaria Conjunta PGFN / RFB nº 8, de 18 de outubro de 2013","Dispõe sobre o parcelamento de débitos junto à Procuradoria-Geral da Fazenda Nacional e à Secretaria da Receita Federal do Brasil relativos ao PIS e à Cofins, na forma do art. 39 da Lei nº 12.865, de 9 de outubro de 2013.",http://normas.receita.fazenda.gov.br/sijut2consulta/link.action?visao=anotado&idAto=47140,,,,,
32119,"Instrução Normativa RFB nº 1461, de 31 de março de 2014",Aprova o Guia Aduaneiro para a Copa do Mundo FIFA 2014. Revogado(a) pelo(a) Instrução Normativa RFB nº 1946 de 06 de maio de 2020,http://normas.receita.fazenda.gov.br/sijut2consulta/link.action?visao=anotado&idAto=51192,,,,,
975,"Instrução Normativa SRF nº 71, de 06 de maio de 1987","Altera os Anexos à Instrução Normativa do SRF nº 129, de 19 de novembro de 1986, que instituiu a Declaração de Contribuições e Tributos Federais - DCTF. Revogado(a) pelo(a) Instrução Normativa SRF nº 79 de 01 de agosto de 2000",http://normas.receita.fazenda.gov.br/sijut2consulta/link.action?visao=anotado&idAto=106808,,,,,
2870,"Portaria SRF nº 681, de 09 de julho de 1993",Institui ordem de preferência para o julgamento de processos fiscais. Revogado(a) pelo(a) Portaria SRF nº 2701 de 28 de setembro de 2001,http://normas.receita.fazenda.gov.br/sijut2consulta/link.action?visao=anotado&idAto=29185,,,,,
10589,"Instrução Normativa RFB nº 772, de 28 de agosto de 2007","Dispõe sobre os parcelamentos de débitos de que trata o Decreto nº 6.187, de 14 de agosto de 2007.",http://normas.receita.fazenda.gov.br/sijut2consulta/link.action?visao=anotado&idAto=15720,,,,,
1279,"Instrução Normativa SRF nº 108, de 24 de outubro de 1989","Institui documentos fiscais para controle de operações com ouro, ativo financeiro ou instrumento cambial. Revogado(a) pelo(a) Instrução Normativa SRF nº 49 de 02 de maio de 2001",http://normas.receita.fazenda.gov.br/sijut2consulta/link.action?visao=anotado&idAto=106919,,,,,
25264,"Portaria SRRF08 nº 174, de 27 de novembro de 2014",Delega competência aos Delegados Adjuntos e Inspetores Adjuntos para assinatura da folha de ponto do Titular da respectiva Delegacia ou Inspetoria.,http://normas.receita.fazenda.gov.br/sijut2consulta/link.action?visao=anotado&idAto=58720,,,,,
7404,"Instrução Normativa SRF nº 52, de 08 de maio de 2001",Estabelece procedimentos especiais de controle de mercadoria importada sob fundada suspeita de irregularidade punível com a pena de perdimento. Revogado(a) pelo(a) Instrução Normativa RFB nº 1169 de 29 de junho de 2011,http://normas.receita.fazenda.gov.br/sijut2consulta/link.action?visao=anotado&idAto=13909,,,,,
7474,"Portaria SRF nº 300, de 07 de março de 2001",Institui o Programa Permanente de Desenvolvimento Gerencial da SRF. Revogado(a) pelo(a) Portaria RFB nº 4446 de 23 de setembro de 2020,http://normas.receita.fazenda.gov.br/sijut2consulta/link.action?visao=anotado&idAto=26352,,,,,
50582,"Portaria ALF/SLS nº 5, de 01 de fevereiro de 2016","Dispõe, sobre os procedimentos operacionais de controle aduaneiro das exportações de mercadorias, destinadas para o uso e consumo de bordo em embarcação de bandeira estrangeira ou brasileira, em tráfego internacional, no âmbito da jurisdição da Alfândega da Receita Federal do Brasil do Porto de São Luís/MA (ALF/SLS)",http://normas.receita.fazenda.gov.br/sijut2consulta/link.action?visao=anotado&idAto=71331,,,,,
55516,"Portaria PGFN nº 690, de 29 de junho de 2017","Dispõe sobre o Programa Especial de Regularização Tributária (Pert) de que trata a Medida Provisória nº 783, de 31 de maio de 2017, para os débitos administrados pela Procuradoria-Geral da Fazenda Nacional.",http://normas.receita.fazenda.gov.br/sijut2consulta/link.action?visao=anotado&idAto=84173,,,,,
31913,"Portaria ALF/MNS nº 79, de 07 de abril de 2014","Altera a Portaria ALF/MNS nº 316, de 16 de dezembro de 2013.",http://normas.receita.fazenda.gov.br/sijut2consulta/link.action?visao=anotado&idAto=51442,,,,,
4056,"Instrução Normativa SRF nº 46, de 09 de outubro de 1995",Institui o Termo de Lacração de Volumes e o Selo Aduaneiro.,http://normas.receita.fazenda.gov.br/sijut2consulta/link.action?visao=anotado&idAto=13793,,,,,
68096,"Portaria Coana nº 57, de 02 de outubro de 2019",Dispõe sobre os procedimentos para habilitação e fruição do Regime Aduaneiro Especial de Entreposto Industrial sob Controle Informatizado (Recof) e do Regime Aduaneiro Especial de Entreposto Industrial sob Controle Informatizado do Sistema Público de Escrituração Digital (Recof-Sped) e dá outras providências.,http://normas.receita.fazenda.gov.br/sijut2consulta/link.action?visao=anotado&idAto=104868,,,,,
35690,"Portaria DRF/ANA nº 38, de 20 de outubro de 2015","""Exclui pessoa jurídica do Programa de Recuperação Fiscal - REFIS.""",http://normas.receita.fazenda.gov.br/sijut2consulta/link.action?visao=anotado&idAto=68658,,,,,
29370,"Portaria DRF/JPA nº 87, de 15 de julho de 2014",Exclui pessoas jurídicas do REFIS.,http://normas.receita.fazenda.gov.br/sijut2consulta/link.action?visao=anotado&idAto=54188,,,,,
6065,"Instrução Normativa SRF nº 113, de 14 de setembro de 1999",Dispõe sobre regimes especiais de substituição tributária relativos ao Imposto sobre Produtos Industrializados - IPI. Revogado(a) pelo(a) Instrução Normativa SRF nº 260 de 18 de dezembro de 2002,http://normas.receita.fazenda.gov.br/sijut2consulta/link.action?visao=anotado&idAto=14756,,,,,
44158,"Portaria SRRF03 nº 532, de 16 de novembro de 2016","""Compartilha competências.""",http://normas.receita.fazenda.gov.br/sijut2consulta/link.action?visao=anotado&idAto=78697,,,,,
33926,"Portaria ALF/SFS nº 1, de 03 de janeiro de 2014",Disciplina no âmbito da Alfândega da Receita Federal do Brasil no Porto de São Francisco do Sul o procedimento relativo uso dos equipamentos de inspeção não invasiva de cargas.,http://normas.receita.fazenda.gov.br/sijut2consulta/link.action?visao=anotado&idAto=48990,,,,,
48884,"Portaria DRF/URA nº 79, de 27 de abril de 2016",Suspensão temporária de participação em licitação e impedimento de contratar com a Administração.,http://normas.receita.fazenda.gov.br/sijut2consulta/link.action?visao=anotado&idAto=73375,,,,,
37507,"Portaria RFB nº 1044, de 29 de julho de 2015","Altera o Anexo IV do Regimento Interno da Secretaria da Receita Federal do Brasil, aprovado pela Portaria MF nº 203, de 14 de maio de 2012, publicada no Diário Oficial da União de 17 de maio de 2012.",http://normas.receita.fazenda.gov.br/sijut2consulta/link.action?visao=anotado&idAto=66638,,,,,
25158,"Portaria SRRF06 nº 738, de 01 de dezembro de 2014","Transfere, de forma concorrente e temporariamente, competências entre a Delegacia da Receita Federal do Brasil em Coronel Fabriciano e a Superintendência Regional da Receita Federal do Brasil na 6ª Região Fiscal – SRRF06.",http://normas.receita.fazenda.gov.br/sijut2consulta/link.action?visao=anotado&idAto=58834,,,,,
23738,"Instrução Normativa RFB nº 1334, de 22 de fevereiro de 2013","Aprova, para o exercício de 2013, o programa multiplataforma da Declaração de Ajuste Anual do Imposto sobre a Renda da Pessoa Física, da Declaração Final de Espólio e da Declaração de Saída Definitiva do País.",http://normas.receita.fazenda.gov.br/sijut2consulta/link.action?visao=anotado&idAto=39684,,,,,
12915,"Portaria MF nº 20, de 20 de janeiro de 2010","""Estabelece instruções relativas às solicitações para afastamento do país de servidores e empregados do Ministério da Fazenda e de suas entidades vinculadas.""",http://normas.receita.fazenda.gov.br/sijut2consulta/link.action?visao=anotado&idAto=21286,,,,,
772,"Instrução Normativa SRF nº 90, de 24 de julho de 1986",Dispõe sobre o pagamento do Empréstimo Compulsório incidente sobre aquisição de veículos. Revogado(a) pelo(a) Instrução Normativa SRF nº 79 de 01 de agosto de 2000,http://normas.receita.fazenda.gov.br/sijut2consulta/link.action?visao=anotado&idAto=107070,,,,,
4677,"Portaria Cosar nº 13, de 25 de março de 1996",Desliga o BANCO BRASILEIRO-IRAQUIANO S.A. do Sistema de Arrecadação de Receitas Federais.,http://normas.receita.fazenda.gov.br/sijut2consulta/link.action?visao=anotado&idAto=20972,,,,,
2042,"Ato Declaratório Normativo CST nº 12, de 02 de maio de 1991","""Retifica a Manual do Lucro Real - MAJUR 1991.""",http://normas.receita.fazenda.gov.br/sijut2consulta/link.action?visao=anotado&idAto=5869,,,,,
5916,"Instrução Normativa SRF nº 158, de 23 de dezembro de 1999",Dispõe sobre o prazo para pagamento do imposto de renda sobre ganho de capital. Revogado(a) pelo(a) Instrução Normativa SRF nº 84 de 11 de outubro de 2001,http://normas.receita.fazenda.gov.br/sijut2consulta/link.action?visao=anotado&idAto=14992,,,,,
3146,"Instrução Normativa SRF nº 17, de 29 de janeiro de 1993","Dispõe sobre o cálculo do imposto de renda na fonte e recolhimento mensal (carnê-leão), pessoa física, a partir de 1º de fevereiro de 1993. Revogado(a) pelo(a) Instrução Normativa SRF nº 79 de 01 de agosto de 2000",http://normas.receita.fazenda.gov.br/sijut2consulta/link.action?visao=anotado&idAto=13185,,,,,
6644,"Instrução Normativa SRF nº 87, de 01 de setembro de 2000",Retificação Revogado(a) pelo(a) Instrução Normativa SRF nº 79 de 01 de agosto de 2000,http://normas.receita.fazenda.gov.br/sijut2consulta/link.action?visao=anotado&idAto=14443,,,,,
2531,"Portaria MF nº 699, de 29 de dezembro de 1993","""Declara a não incidência do IPMF na aquisição de papel destinado á impressão de livros, jornais e periódicos.""",http://normas.receita.fazenda.gov.br/sijut2consulta/link.action?visao=anotado&idAto=29238,,,,,
73689,"Portaria DRF/VIT nº 13, de 07 de fevereiro de 2019",Exclui pessoa jurídica do REFIS,http://normas.receita.fazenda.gov.br/sijut2consulta/link.action?visao=anotado&idAto=98595,,,,,
24872,"Portaria RFB nº 2110, de 05 de dezembro de 2014",Prorroga o prazo de validade do concurso púbico para provimento de cargos de Auditor-Fiscal da RFB.,http://normas.receita.fazenda.gov.br/sijut2consulta/link.action?visao=anotado&idAto=59130,,,,,
8241,"Instrução Normativa SRF nº 133, de 07 de fevereiro de 2002","Altera a Instrução Normativa nº 150/99, de 20 de dezembro de 1999. Revogado(a) pelo(a) Instrução Normativa SRF nº 357 de 02 de setembro de 2003",http://normas.receita.fazenda.gov.br/sijut2consulta/link.action?visao=anotado&idAto=14898,,,,,
41090,"Portaria ALF/SPE nº 32, de 31 de março de 2015","Disciplina o armazenamento de cargas em tráfego de cabotagem, em recintos alfandegados jurisdicionados pela Alfândega da Receita Federal do Brasil do Porto de Suape, no prazo e atendidas as condições de que trata.",http://normas.receita.fazenda.gov.br/sijut2consulta/link.action?visao=anotado&idAto=62711,,,,,
22423,"Portaria DRF/TSA nº 1, de 12 de abril de 2013",Reinclui pessoa jurídica no REFIS.,http://normas.receita.fazenda.gov.br/sijut2consulta/link.action?visao=anotado&idAto=41079,,,,,
62399,"Portaria DRF/BHE nº 46, de 11 de setembro de 2018","""Exclui a pessoa jurídica que menciona do Programa de Recuperação Fiscal – REFIS.""",http://normas.receita.fazenda.gov.br/sijut2consulta/link.action?visao=anotado&idAto=94829,,,,,
3430,"Portaria MF nº 506, de 22 de setembro de 1994","""Altera a alíquota do imposto de importação dos produtos que relaciona.""",http://normas.receita.fazenda.gov.br/sijut2consulta/link.action?visao=anotado&idAto=28359,,,,,
77824,"Portaria DRF/FSA nº 63, de 09 de junho de 2020","Suspende temporariamente as atividades de atendimento presencial da Agência da Receita Federal do Brasil em Juazeiro - BA, em função da insuficiência de servidores e com vistas a reforçar os cuidados preventivos e diminuir o risco de contágio pelo coronavírus (SARS-Cov-2).",http://normas.receita.fazenda.gov.br/sijut2consulta/link.action?visao=anotado&idAto=110312,,,,,
12281,"Instrução Normativa RFB nº 1112, de 28 de dezembro de 2010","Aprova o programa e as instruções para preenchimento da Declaração sobre Operações Imobiliárias, versão 6.1, define regras para a sua apresentação e dá outras providências.",http://normas.receita.fazenda.gov.br/sijut2consulta/link.action?visao=anotado&idAto=16084,,,,,
70749,"Portaria RFB nº 1077, de 19 de junho de 2019","Altera a Portaria RFB nº 1.132, de 31 de julho de 2018, que estabelece os procedimentos específicos do segundo ciclo avaliativo de desempenho para fins de progressão funcional e promoção para o desenvolvimento dos servidores nos cargos da Carreira Tributária e Aduaneira da Receita Federal do Brasil.",http://normas.receita.fazenda.gov.br/sijut2consulta/link.action?visao=anotado&idAto=101856,,,,,
79934,"Portaria PGFN nº 636, de 09 de janeiro de 2020",Dispõe sobre a divulgação de informações relativas à dívida ativa da União e do FGTS e seus devedores.,http://normas.receita.fazenda.gov.br/sijut2consulta/link.action?visao=anotado&idAto=120969,,,,,
46706,"Portaria ALF/PCE nº 20, de 15 de julho de 2016",Estabelece normas e procedimentos para a transferência e despacho aduaneiro de exportação de produtos da indústria metalúrgica e granéis cujo recinto de despacho seja a ZPE Ceará (3.11.81.01) e recinto de embarque o Porto de Pecém (3.11.14.01). Revogado(a) pelo(a) Portaria IRF/PCE nº 5 de 06 de outubro de 2020,http://normas.receita.fazenda.gov.br/sijut2consulta/link.action?visao=anotado&idAto=75870,,,,,
67799,"Portaria PGFN nº 11956, de 27 de novembro de 2019",Regulamenta a transação na cobrança da dívida ativa da União. Revogado(a) pelo(a) Portaria PGFN nº 9917 de 14 de abril de 2020,http://normas.receita.fazenda.gov.br/sijut2consulta/link.action?visao=anotado&idAto=105215,,,,,
2394,"Instrução Normativa DPRF nº 49, de 31 de março de 1992","Da nova redação às disposições da Instrução Normativa nº 28, de 28 de fevereiro de 1992, que aprova os modelos I e II da DIRF, e dá outras providencias. Revogado(a) pelo(a) Instrução Normativa SRF nº 8 de 22 de janeiro de 1993",http://normas.receita.fazenda.gov.br/sijut2consulta/link.action?visao=anotado&idAto=13844,,,,,
17891,"Portaria DRF/STM nº 47, de 10 de setembro de 2013",Exclui pessoa jurídica do REFIS.,http://normas.receita.fazenda.gov.br/sijut2consulta/link.action?visao=anotado&idAto=45929,,,,,
4367,"Instrução Normativa SRF nº 86, de 30 de dezembro de 1996","Dispõe sobre a alteração da ""Tabela I Evento"", aprovada no anexo à Instrução Normativa 68 de 06 de dezembro de 1996. Revogado(a) pelo(a) Instrução Normativa SRF nº 79 de 01 de agosto de 2000",http://normas.receita.fazenda.gov.br/sijut2consulta/link.action?visao=anotado&idAto=14423,,,,,
48554,"Portaria RFB nº 728, de 06 de maio de 2016","Altera os Anexos I e II da Portaria RFB nº 1.006, de 24 de julho de 2013, que disciplina a competência por matéria das Delegacias da Receita Federal do Brasil de Julgamento (DRJ), relaciona as matérias de julgamento por Turma e define atribuição para a identificação dos processos a serem distribuídos às DRJ.",http://normas.receita.fazenda.gov.br/sijut2consulta/link.action?visao=anotado&idAto=73666,,,,,
66503,"Instrução Normativa RFB nº 1789, de 09 de fevereiro de 2018","Altera a Instrução Normativa RFB nº 1.600, de 14 de dezembro de 2015, que dispõe sobre a aplicação dos regimes aduaneiros especiais de admissão temporária e de exportação temporária.",http://normas.receita.fazenda.gov.br/sijut2consulta/link.action?visao=anotado&idAto=90106,,,,,
2910,"Portaria MF nº 265, de 15 de junho de 1993","""Concede isenção do Imposto de Importação para os produtos que menciona, quando importados através da Região Nordeste.""",http://normas.receita.fazenda.gov.br/sijut2consulta/link.action?visao=anotado&idAto=25820,,,,,
102,"Instrução Normativa SRF nº 36, de 10 de abril de 1980",Disciplina o recolhimento da Cota-Parte da Contribuição Sindical. Revogado(a) pelo(a) Instrução Normativa SRF nº 79 de 01 de agosto de 2000,http://normas.receita.fazenda.gov.br/sijut2consulta/link.action?visao=anotado&idAto=109198,,,,,
217,"Instrução Normativa SRF nº 10, de 04 de fevereiro de 1981","""Benefício fiscal a mutuários do SFH."" Revogado(a) pelo(a) Instrução Normativa SRF nº 79 de 01 de agosto de 2000",http://normas.receita.fazenda.gov.br/sijut2consulta/link.action?visao=anotado&idAto=108634,,,,,
7104,"Portaria SRF nº 2856, de 31 de outubro de 2001","""Altera os arts. 1º e 2º da Portaria SRF Nº 1.550, de 31/08/2001."" Revogado(a) pelo(a) Portaria SRF nº 13 de 09 de janeiro de 2002",http://normas.receita.fazenda.gov.br/sijut2consulta/link.action?visao=anotado&idAto=30620,,,,,
77402,"Portaria DRF/VCA nº 21, de 08 de julho de 2020","Altera dispositivos da Portaria DRF/VCA nº 11, de 27 de março de 2020, para retomar, restritamente, as atividades de atendimento no CAC.",http://normas.receita.fazenda.gov.br/sijut2consulta/link.action?visao=anotado&idAto=110924,,,,,
25160,"Portaria SRRF06 nº 735, de 01 de dezembro de 2014","Prorroga a validade de portaria que transfere, temporariamente, competências das Agências de Ouro Preto e Conselheiro Lafaiete para a SECAT da Delegacia da Receita Federal do Brasil em Belo Horizonte",http://normas.receita.fazenda.gov.br/sijut2consulta/link.action?visao=anotado&idAto=58832,,,,,
20711,"Portaria DRF/FLO nº 44, de 13 de junho de 2013","Disciplina e padroniza procedimentos para o atendimento dos serviços de pessoa jurídica, no âmbito da Delegacia da Receita Federal do Brasil de Floriano-PI, na 3ª Região Fiscal.",http://normas.receita.fazenda.gov.br/sijut2consulta/link.action?visao=anotado&idAto=42921,,,,,
53310,"Portaria DRF/JOI nº 42, de 28 de setembro de 2017",Exclui pessoas jurídicas do REFIS.,http://normas.receita.fazenda.gov.br/sijut2consulta/link.action?visao=anotado&idAto=86711,,,,,
47498,"Portaria SRRF05 nº 172, de 15 de junho de 2016","Transfere a competência para apreciação de Pedidos de Restituição, Ressarcimento ou Reembolso e Declaração de Compensação (PER/DCOMP) e para lançamento de crédito tributário e penalidade isolada dessa decorrente entre Delegacias da Receita Federal do Brasil que especifica.",http://normas.receita.fazenda.gov.br/sijut2consulta/link.action?visao=anotado&idAto=74936,,,,,
79054,"Portaria DRF/FSA nº 26, de 23 de março de 2020",Suspende o atendimento da Agência da Receita Federal do Brasil em Ribeira do Pombal-BA.,http://normas.receita.fazenda.gov.br/sijut2consulta/link.action?visao=anotado&idAto=107952,,,,,
43170,"Portaria SRRF05 nº 16, de 13 de janeiro de 2015","""Transfere competências.""",http://normas.receita.fazenda.gov.br/sijut2consulta/link.action?visao=anotado&idAto=60209,,,,,
11773,"Portaria MF nº 477, de 22 de setembro de 2009","""Designa representantes titular e suplentes da Administração Tributária Federal no Comitê Gestor do Imposto sobre a Propriedade Territorial Rural (CGITR).""",http://normas.receita.fazenda.gov.br/sijut2consulta/link.action?visao=anotado&idAto=28159,,,,,
23807,"Portaria SRRF04 nº 70, de 19 de fevereiro de 2013","“Transfere, até do dia 31/12/2013, para o Superintendente da Receita Federal do Brasil na 4ª Região Fiscal, a atribuição dos Delegados da Receita Federal do Brasil, de que trata o inciso VII do art. 314 da Portaria MF nº 203, de 2012.”",http://normas.receita.fazenda.gov.br/sijut2consulta/link.action?visao=anotado&idAto=39629,,,,,
15559,"Portaria DRF/LIM nº 118, de 03 de dezembro de 2013 error",“Dispõe sobre prestação de serviços a pessoa jurídica via agendamento.”,http://normas.receita.fazenda.gov.br/sijut2consulta/link.action?visao=anotado&idAto=48292,,,,,
184,"Instrução Normativa SRF nº 47, de 30 de junho de 1981",“Créditos como Incentivos à Exportação e Operações Equiparadas.” Revogado(a) pelo(a) Instrução Normativa SRF nº 79 de 01 de agosto de 2000,http://normas.receita.fazenda.gov.br/sijut2consulta/link.action?visao=anotado&idAto=108826,,,,,
8011,"Portaria MF nº 200, de 03 de julho de 2002","Altera a Portaria MF nº 74, de 4 de abril de 2002.",http://normas.receita.fazenda.gov.br/sijut2consulta/link.action?visao=anotado&idAto=24686,,,,,
13203,"Instrução Normativa RFB nº 1200, de 14 de outubro de 2011","Altera a Instrução Normativa RFB nº 1.198, de 30 de setembro de 2010, que dispõe sobre procedimentos simplificados para o despacho aduaneiro de exportação de petróleo bruto e seus derivados, nos casos em que especifica. Revogado(a) pelo(a) Instrução Normativa RFB nº 1946 de 06 de maio de 2020",http://normas.receita.fazenda.gov.br/sijut2consulta/link.action?visao=anotado&idAto=36551,,,,,
20791,"Portaria ALF/SLS nº 49, de 10 de junho de 2013",Estabelece rotinas operacionais para a descarga direta e o despacho aduaneiro de importação de mercadoria a granel transportada em veículo procedente do exterior. Revogado(a) pelo(a) Portaria IRF/SLS nº 4 de 25 de setembro de 2018,http://normas.receita.fazenda.gov.br/sijut2consulta/link.action?visao=anotado&idAto=42795,,,,,
6761,"Instrução Normativa SRF nº 61, de 30 de maio de 2000","Inclui produtos no regime tributário do Imposto sobre Produtos Industrializados - IPI instituído pela Lei nº 7.798, de 1989. Revogado(a) pelo(a) Instrução Normativa RFB nº 1928 de 24 de março de 2020",http://normas.receita.fazenda.gov.br/sijut2consulta/link.action?visao=anotado&idAto=14052,,,,,
8449,"Instrução Normativa SRF nº 364, de 16 de outubro de 2003",Dispõe sobre o regime aduaneiro especial de depósito afiançado operado por empresa de transporte aéreo internacional. Revogado(a) pelo(a) Instrução Normativa SRF nº 409 de 19 de março de 2004,http://normas.receita.fazenda.gov.br/sijut2consulta/link.action?visao=anotado&idAto=15256,,,,,
64590,"Portaria DRF/CPS nº 4, de 28 de maio de 2018",Exclui pessoas jurídicas do REFIS.,http://normas.receita.fazenda.gov.br/sijut2consulta/link.action?visao=anotado&idAto=92397,,,,,
9333,"Instrução Normativa SRF nº 584, de 20 de dezembro de 2005","Aprova o programa gerador e as instruções para preenchimento da Declaração de Débitos e Créditos Tributários Federais Mensal (DCTF Mensal) na versão ""DCTF Mensal 1.2"" . Revogado(a) pelo(a) Instrução Normativa SRF nº 613 de 19 de janeiro de 2006",http://normas.receita.fazenda.gov.br/sijut2consulta/link.action?visao=anotado&idAto=15509,,,,,
12202,"Instrução Normativa RFB nº 916, de 06 de fevereiro de 2009","Aprova, para o ano-calendário de 2009, o programa multiplataforma Recolhimento Mensal Obrigatório (carnê-leão), relativo ao Imposto sobre a Renda da Pessoa Física.",http://normas.receita.fazenda.gov.br/sijut2consulta/link.action?visao=anotado&idAto=15877,,,,,
12416,"Instrução Normativa RFB nº 1081, de 04 de novembro de 2010","Dispõe sobre regime especial de substituição tributária do Imposto sobre Produtos Industrializados (IPI), na hipótese de que se trata.",http://normas.receita.fazenda.gov.br/sijut2consulta/link.action?visao=anotado&idAto=16048,,,,,
19543,"Portaria RFB nº 1006, de 24 de julho de 2013","Disciplina a competência por matéria das Delegacias da Receita Federal do Brasil de Julgamento (DRJ), relaciona as matérias de julgamento por Turma e define atribuição para a identificação dos processos a serem distribuídos às DRJ. Revogado(a) pelo(a) Portaria RFB nº 2231 de 14 de junho de 2017",http://normas.receita.fazenda.gov.br/sijut2consulta/link.action?visao=anotado&idAto=44119,,,,,
5291,"Ato Declaratório Normativo Cosit nº 21, de 16 de dezembro de 1998","""Dispõe sobre as concessões outorgadas pelo Brasil no âmbito do GATT, na importação de mercadorias procedentes e originárias dos países que menciona.""",http://normas.receita.fazenda.gov.br/sijut2consulta/link.action?visao=anotado&idAto=5975,,,,,
57860,"Portaria IRF/CTA nº 17, de 21 de março de 2017",Dispõe sobre a Estrutura e Atribuições da Unidade,http://normas.receita.fazenda.gov.br/sijut2consulta/link.action?visao=anotado&idAto=81481,,,,,
8275,"Portaria SRF nº 109, de 24 de janeiro de 2002","Divulga relatório da arrecadação realizada das receitas federais administradas pela Secretaria da Receita Federal, relativa ao mês de dezembro de 2001.",http://normas.receita.fazenda.gov.br/sijut2consulta/link.action?visao=anotado&idAto=23216,,,,,
60018,"Portaria RFB nº 1994, de 17 de dezembro de 2018",Estabelece os procedimentos de atuação da Secretaria da Receita Federal do Brasil no Centro Integrado de Segurança Marítima (CISMAR) da Marinha do Brasil.,http://normas.receita.fazenda.gov.br/sijut2consulta/link.action?visao=anotado&idAto=97406,,,,,
9770,"Instrução Normativa SRF nº 501, de 28 de janeiro de 2005",Dispõe sobre a prorrogação do prazo de entrega das declarações e dos demonstrativos que especifica e sobre a formalização da opção e a comunicação de exclusão do Sistema Integrado de Pagamento de Impostos e Contribuições das Microempresas e das Empresas de Pequeno Porte (Simples).,http://normas.receita.fazenda.gov.br/sijut2consulta/link.action?visao=anotado&idAto=15414,,,,,
27709,"Portaria MF nº 358, de 05 de setembro de 2014",Dispõe sobre a prova de regularidade fiscal perante a Fazenda Nacional.,http://normas.receita.fazenda.gov.br/sijut2consulta/link.action?visao=anotado&idAto=55975,,,,,
58899,"Portaria SRRF03 nº 38, de 30 de janeiro de 2017","""Compartilha competências e atribuições da Delegacia da Receita Federal do Brasil em Floriano com a Delegacia da Receita Federal do Brasil em Teresina.""",http://normas.receita.fazenda.gov.br/sijut2consulta/link.action?visao=anotado&idAto=80266,,,,,
7764,"Portaria SRF nº 1196, de 18 de outubro de 2002","Altera a redação do Art. 5º da Portaria SRF nº 999, de 15 de agosto de 2002.",http://normas.receita.fazenda.gov.br/sijut2consulta/link.action?visao=anotado&idAto=30193,,,,,
4971,"Portaria SRF nº 952, de 01 de agosto de 1997","Dispõe sobre as exigências formais relativas à petição do direito previsto no parágrafo único do art. 36 da Lei nº 8.112, de 1990. Revogado(a) pelo(a) Portaria SRF nº 2002 de 09 de outubro de 1998",http://normas.receita.fazenda.gov.br/sijut2consulta/link.action?visao=anotado&idAto=29850,,,,,
8180,"Instrução Normativa SRF nº 148, de 26 de março de 2002",Fixa datas para a restituição do imposto de renda da pessoa física relativo ao exercício de 2002. Revogado(a) pelo(a) Instrução Normativa RFB nº 1928 de 24 de março de 2020,http://normas.receita.fazenda.gov.br/sijut2consulta/link.action?visao=anotado&idAto=14959,,,,,
488,"Instrução Normativa SRF nº 108, de 30 de outubro de 1984",“Dispõe sobre o trânsito aduaneiro internacional.” Revogado(a) pelo(a) Instrução Normativa SRF nº 79 de 01 de agosto de 2000,http://normas.receita.fazenda.gov.br/sijut2consulta/link.action?visao=anotado&idAto=109465,,,,,
9668,"Instrução Normativa SRF nº 533, de 30 de março de 2005","Revoga a Instrução Normativa SRF nº 179, de 19 de julho de 2002.",http://normas.receita.fazenda.gov.br/sijut2consulta/link.action?visao=anotado&idAto=15448,,,,,
75975,"Instrução Normativa RFB nº 1980, de 30 de setembro de 2020","Altera a Instrução Normativa SRF nº 248, de 25 de novembro de 2002, que dispõe sobre a aplicação do regime de trânsito aduaneiro.",http://normas.receita.fazenda.gov.br/sijut2consulta/link.action?visao=anotado&idAto=112780,,,,,
56059,"Portaria RFB nº 2189, de 06 de junho de 2017","Autoriza o Serviço Federal de Processamento de Dados a disponibilizar acesso, para terceiros, dos dados e informações que especifica.",http://normas.receita.fazenda.gov.br/sijut2consulta/link.action?visao=anotado&idAto=83517,,,,,
11097,"Instrução Normativa RFB nº 889, de 19 de novembro de 2008","Dispõe sobre a revogação de artigos da Instrução Normativa SRP nº 3, de 14 de julho de 2005. Revogado(a) pelo(a) Instrução Normativa RFB nº 971 de 13 de novembro de 2009",http://normas.receita.fazenda.gov.br/sijut2consulta/link.action?visao=anotado&idAto=15849,,,,,
608,"Instrução Normativa SRF nº 121, de 26 de dezembro de 1985",Dispõe sobre a isenção do Imposto sobre Transportes (IST) no transporte de pessoas não portadoras de bilhetes de passagens na mesma Região Metropolitana e em áreas metropolitanas. Revogado(a) pelo(a) Instrução Normativa SRF nº 79 de 01 de agosto de 2000,http://normas.receita.fazenda.gov.br/sijut2consulta/link.action?visao=anotado&idAto=108955,,,,,
53884,"Portaria SRRF05 nº 111, de 05 de setembro de 2017","Compartilha, temporariamente, competências e atribuições entre Auditores-Fiscais da Receita Federal do Brasil",http://normas.receita.fazenda.gov.br/sijut2consulta/link.action?visao=anotado&idAto=86044,,,,,
6067,"Ato Declaratório Normativo Cosit nº 23, de 14 de setembro de 1999",Dispõe sobre a indedutibilidade do valor correspondente a até um terço da COFINS para os efeitos de apuração da base de cálculo da CSLL.,http://normas.receita.fazenda.gov.br/sijut2consulta/link.action?visao=anotado&idAto=5993,,,,,
14535,"Instrução Normativa RFB nº 1258, de 13 de março de 2012","Altera a Instrução Normativa RFB nº 1.110, de 24 de dezembro de 2010, que dispõe sobre a Declaração de Débitos e Créditos Tributários Federais (DCTF) e aprova o Programa Gerador e as instruções para preenchimento da DCTF na versão “DCTF Mensal 1.8”. Revogado(a) pelo(a) Instrução Normativa RFB nº 1949 de 12 de maio de 2020",http://normas.receita.fazenda.gov.br/sijut2consulta/link.action?visao=anotado&idAto=37548,,,,,
5065,"Portaria SRF nº 658, de 21 de maio de 1997",Dispõe sobre a instalação de terminal alfandegado de uso público em local que menciona.,http://normas.receita.fazenda.gov.br/sijut2consulta/link.action?visao=anotado&idAto=29105,,,,,
11331,"Instrução Normativa RFB nº 852, de 13 de junho de 2008",Estabelece procedimentos para habilitação ao Programa de Apoio ao Desenvolvimento Tecnológico da Indústria de Semicondutores (Padis). Revogado(a) pelo(a) Instrução Normativa RFB nº 1911 de 11 de outubro de 2019,http://normas.receita.fazenda.gov.br/sijut2consulta/link.action?visao=anotado&idAto=15808,,,,,
12278,"Instrução Normativa RFB nº 1115, de 28 de dezembro de 2010",Dispõe sobre a Declaração de Informações sobre Atividades Imobiliárias (Dimob) e dá outras providências.,http://normas.receita.fazenda.gov.br/sijut2consulta/link.action?visao=anotado&idAto=16087,,,,,
8305,"Instrução Normativa SRF nº 118, de 10 de janeiro de 2002","Dispõe sobre o cálculo do imposto de renda na fonte e recolhimento mensal (carnê-leão), pessoas físicas, a partir de 1º de janeiro de 2002. Revogado(a) pelo(a) Instrução Normativa SRF nº 277 de 03 de janeiro de 2003",http://normas.receita.fazenda.gov.br/sijut2consulta/link.action?visao=anotado&idAto=14803,,,,,
74647,"Portaria PGFN nº 25165, de 17 de dezembro de 2020","Altera as Portarias PGFN n. 9.917, de 14 de abril de 2020, n. 21.561 e n. 21.562, de 30 de setembro de 2020.",http://normas.receita.fazenda.gov.br/sijut2consulta/link.action?visao=anotado&idAto=114446,,,,,
1580,"Portaria CSAR nº 23, de 20 de junho de 1990","""Inclui Banco de Montreal S/A no sistema de arrecadação de receitas federais.""",http://normas.receita.fazenda.gov.br/sijut2consulta/link.action?visao=anotado&idAto=21352,,,,,
10814,"Instrução Normativa RFB nº 734, de 02 de maio de 2007",Dispõe sobre a emissão de certidões de prova de regularidade fiscal perante a Fazenda Nacional quanto aos tributos administrados pela Secretaria da Receita Federal do Brasil e dá outras providências. Revogado(a) pelo(a) Instrução Normativa RFB nº 1505 de 31 de outubro de 2014,http://normas.receita.fazenda.gov.br/sijut2consulta/link.action?visao=anotado&idAto=15677,,,,,
24097,"Portaria RFB nº 1927, de 05 de novembro de 2014",Retificação,http://normas.receita.fazenda.gov.br/sijut2consulta/link.action?visao=anotado&idAto=60290,,,,,
5968,"Instrução Normativa SRF nº 138, de 22 de novembro de 1999","Estabelece normas para emissão de comprovantes de rendimentos pagos ou creditados a pessoas físicas e jurídicas, no ano-calendário de 1999, decorrentes de aplicações financeiras, aprova modelo de Informe de Rendimentos Financeiros e dá outras providências. Revogado(a) pelo(a) Instrução Normativa SRF nº 121 de 28 de dezembro de 2000",http://normas.receita.fazenda.gov.br/sijut2consulta/link.action?visao=anotado&idAto=14921,,,,,
28886,"Portaria ALF/STS nº 209, de 30 de julho de 2014","""Aplica pena de suspensão temporária de participação em licitação e impedimento de contratar com a Administração pelo prazo de 6 (seis) meses, à empresa que menciona.""",http://normas.receita.fazenda.gov.br/sijut2consulta/link.action?visao=anotado&idAto=54731,,,,,
21289,"Portaria DRF/ITA nº 15, de 23 de maio de 2013","“Subdelega competência aos Agentes e Inspetores-Chefes e, em seus afastamentos, aos respectivos substitutos eventuais, das unidades de exercício no âmbito de sua jurisdição.”",http://normas.receita.fazenda.gov.br/sijut2consulta/link.action?visao=anotado&idAto=42270,,,,,
24554,"Portaria Conjunta RFB / SCS nº 2197, de 17 de dezembro de 2014","Altera a Portaria Conjunta RFB/SCS nº 1.908, de 19 de julho de 2012, que institui o Sistema Integrado de Comércio Exterior de Serviços, Intangíveis e Outras Operações que Produzam Variações no Patrimônio (Siscoserv) e dá outras providências. Revogado(a) pelo(a) Portaria Conjunta RFB Secint nº 22091 de 08 de outubro de 2020",http://normas.receita.fazenda.gov.br/sijut2consulta/link.action?visao=anotado&idAto=59487,,,,,
5964,"Instrução Normativa SRF nº 140, de 26 de novembro de 1999",Estabelece o prazo para interposição de recurso voluntário nos casos de indeferimento do pedido de concessão ou de prorrogação do prazo de vigência do regime especial de admissão temporária. Revogado(a) pelo(a) Instrução Normativa SRF nº 150 de 20 de dezembro de 1999,http://normas.receita.fazenda.gov.br/sijut2consulta/link.action?visao=anotado&idAto=14934,,,,,
7643,"Portaria Conjunta Coana / Cotec nº 36, de 11 de dezembro de 2002",Aprova os procedimentos para avaliação de controles informatizados referentes ao Recof.,http://normas.receita.fazenda.gov.br/sijut2consulta/link.action?visao=anotado&idAto=21780,,,,,
9739,"Instrução Normativa SRF nº 514, de 18 de fevereiro de 2005","Aprova o programa aplicativo para preenchimento da Declaração de Ajuste Anual do Imposto de Renda Pessoa Física do exercício de 2005, ano-calendário de 2004, para uso em computador com sistema operacional Windows.",http://normas.receita.fazenda.gov.br/sijut2consulta/link.action?visao=anotado&idAto=15427,,,,,
29159,"Portaria DRF/CTA nº 134, de 22 de julho de 2014","""Exclui pessoa jurídica do REFIS.""",http://normas.receita.fazenda.gov.br/sijut2consulta/link.action?visao=anotado&idAto=54473,,,,,
44652,"Resolução CTSI/RFB nº 1, de 14 de outubro de 2016",Aprova os Planos de Contratações de Soluções de Tecnologia da Informação e Comunicações para os exercícios fiscais de 2016 e 2017.,http://normas.receita.fazenda.gov.br/sijut2consulta/link.action?visao=anotado&idAto=78201,,,,,
2273,"Parecer Normativo CST nº 7, de 23 de julho de 1992","Entendem-se como máquinas e equipamentos, para gozo do benefício fiscal de que trata o art. 46 da Lei no 8.383/91, os produtos classificados nos Capítulos 84,85 e 90 da Tabela de Incidência do Imposto sobre Produtos Industrializados - TIPI, e como Processo industrial o conjunto de procedimentos a que é submetido o material (matéria-prima e insumos) até a obtenção do produto acabado.",http://normas.receita.fazenda.gov.br/sijut2consulta/link.action?visao=anotado&idAto=30905,,,,,
6946,"Ato Declaratório Normativo Cosit nº 1, de 05 de janeiro de 2000",Dispõe sobre o tratamento tributário a ser dispensado às remessas decorrentes de contratos de prestação de assistência técnica e serviços técnicos sem transferência de tecnologia. Revogado(a) pelo(a) Ato Declaratório Interpretativo RFB nº 5 de 16 de junho de 2014,http://normas.receita.fazenda.gov.br/sijut2consulta/link.action?visao=anotado&idAto=5754,,,,,
1191,"Instrução Normativa SRF nº 58, de 07 de abril de 1988",Disciplina os pedidos de autorização de caráter excepcional para novos grupos de consórcios. Revogado(a) pelo(a) Instrução Normativa SRF nº 79 de 01 de agosto de 2000,http://normas.receita.fazenda.gov.br/sijut2consulta/link.action?visao=anotado&idAto=106535,,,,,
2002,"Portaria CSAR nº 19, de 10 de junho de 1991",O ato não possui ementa. Ver íntegra,http://normas.receita.fazenda.gov.br/sijut2consulta/link.action?visao=anotado&idAto=21229,,,,,
5583,"Instrução Normativa SRF nº 55, de 22 de junho de 1998",Dispõe sobre a entrega das Declarações do Imposto sobre a Propriedade Territorial Rural - ITR e dá outras providências. Revogado(a) pelo(a) Instrução Normativa SRF nº 42 de 19 de abril de 1999,http://normas.receita.fazenda.gov.br/sijut2consulta/link.action?visao=anotado&idAto=13951,,,,,
40408,"Portaria Sutri nº 566, de 24 de abril de 2015","Dá publicidade ao acompanhamento, referente ao 1º (primeiro) trimestre de 2015, da experiência-piloto em Teletrabalho na atividade de análise e julgamento de processos administrativos fiscais nas Delegacias da Receita Federal do Brasil de Julgamento (DRJ).",http://normas.receita.fazenda.gov.br/sijut2consulta/link.action?visao=anotado&idAto=63456,,,,,
73825,"Portaria ME nº 24, de 30 de janeiro de 2019",Delega competências gerais para a prática de atos de gestão de pessoas no âmbito do Ministério da Economia ao Secretário-Executivo do Ministério da Economia. Revogado(a) pelo(a) Portaria ME nº 40 de 30 de janeiro de 2020,http://normas.receita.fazenda.gov.br/sijut2consulta/link.action?visao=anotado&idAto=99222,,,,,
6802,"Portaria MF nº 163, de 08 de maio de 2000","""Concede isenção de IPI ao bem de informática e automação que menciona.""",http://normas.receita.fazenda.gov.br/sijut2consulta/link.action?visao=anotado&idAto=24102,,,,,
2542,"Instrução Normativa SRF nº 103, de 27 de dezembro de 1993","Dispõe sobre o cálculo do imposto de renda na fonte e recolhimento mensal (carnê-leão), pessoa física, a partir de 1º de janeiro de 1994. Revogado(a) pelo(a) Instrução Normativa RFB nº 1928 de 24 de março de 2020",http://normas.receita.fazenda.gov.br/sijut2consulta/link.action?visao=anotado&idAto=14637,,,,,
62078,"Portaria DRF/BHE nº 51, de 18 de setembro de 2018","""Exclui a pessoa jurídica que menciona do Programa de Recuperação Fiscal – REFIS.""",http://normas.receita.fazenda.gov.br/sijut2consulta/link.action?visao=anotado&idAto=95170,,,,,
539,"Instrução Normativa SRF nº 50, de 04 de maio de 1984","“Em aditamento à Instrução Normativa do SRF nº 009, de 31.01.84, incluir a rota flúvio-ferroviária Guaíra (PR) - Presidente Epitácio (SP) - Paranaguá (PR), que poderá ser utilizada no transporte de escoamento da soja paraguaia, destinada à exportação.” Revogado(a) pelo(a) Instrução Normativa SRF nº 79 de 01 de agosto de 2000",http://normas.receita.fazenda.gov.br/sijut2consulta/link.action?visao=anotado&idAto=109275,,,,,
6855,"Instrução Normativa SRF nº 34, de 23 de março de 2000","Dispõe sobre a prestação de informações, discriminadas segundo as notas fiscais de saída, dos produtos que especifica. Revogado(a) pelo(a) Instrução Normativa SRF nº 63 de 28 de junho de 2001",http://normas.receita.fazenda.gov.br/sijut2consulta/link.action?visao=anotado&idAto=13579,,,,,
59775,"Resolução CGSIM nº 48, de 11 de outubro de 2018","Dispõe sobre o procedimento especial para o registro e legalização do Microempreendedor Individual - MEI, por meio do Portal do Empreendedor.",http://normas.receita.fazenda.gov.br/sijut2consulta/link.action?visao=anotado&idAto=113248,,,,,
28727,"Portaria DRF/VIT nº 82, de 01 de agosto de 2014",Exclui pessoa jurídica do REFIS.,http://normas.receita.fazenda.gov.br/sijut2consulta/link.action?visao=anotado&idAto=54901,,,,,
71172,"Portaria Delex/SPO nº 60, de 05 de junho de 2019","Alterar a Portaria DELEX nº 73/2018, que versa sobre delegações de competência no âmbito da DELEX.",http://normas.receita.fazenda.gov.br/sijut2consulta/link.action?visao=anotado&idAto=101385,,,,,
12211,"Portaria Codac nº 3, de 06 de fevereiro de 2009","Dispõe sobre o acesso ao sistema de Controle da Prestação de Contas para uso da Rede Arrecadadora de Receitas Federais, disponível na página da Secretaria da Receita Federal do Brasil na Internet. Revogado(a) pelo(a) Portaria Codac nº 12 de 28 de abril de 2009",http://normas.receita.fazenda.gov.br/sijut2consulta/link.action?visao=anotado&idAto=20461,,,,,
52711,"Portaria ALF/SPE nº 78, de 23 de outubro de 2017","Dispõe, de forma complementar à IN SRF nº 248, de 2002, sobre a utilização da Declaração de Trânsito de Contêiner (DTC), no âmbito da Alfândega da Receita Federal do Brasil do Porto de Suape(ALF/SPE). Revogado(a) pelo(a) Portaria ALF/SPE nº 87 de 06 de dezembro de 2017",http://normas.receita.fazenda.gov.br/sijut2consulta/link.action?visao=anotado&idAto=87353,,,,,
2664,"Instrução Normativa SRF nº 85, de 20 de outubro de 1993","Estabelece procedimentos para a instalação e o funcionamento de Depósito Afiançado (DAF), em aeroportos internacionais. Revogado(a) pelo(a) Instrução Normativa SRF nº 113 de 27 de dezembro de 1994",http://normas.receita.fazenda.gov.br/sijut2consulta/link.action?visao=anotado&idAto=14408,,,,,
544,"Instrução Normativa SRF nº 42, de 18 de abril de 1984",“Fixar o valor tributável para cálculo do Imposto Único sobre Minerais – (IUM).” Revogado(a) pelo(a) Instrução Normativa SRF nº 79 de 01 de agosto de 2000,http://normas.receita.fazenda.gov.br/sijut2consulta/link.action?visao=anotado&idAto=109245,,,,,
9751,"Instrução Normativa SRF nº 506, de 11 de fevereiro de 2005","Aprova o programa aplicativo do imposto de renda de pessoa física sobre ganhos de capital em moeda estrangeira, referente ao ano-calendário de 2005.",http://normas.receita.fazenda.gov.br/sijut2consulta/link.action?visao=anotado&idAto=15419,,,,,
24751,"Portaria ALF/AEG nº 51, de 05 de dezembro de 2014",Estabelece procedimentos para apreciação de pedidos de retificação da Declaração de Importação – DI na Alfândega da Receita Federal do Brasil no Aeroporto Internacional Eduardo Gomes.,http://normas.receita.fazenda.gov.br/sijut2consulta/link.action?visao=anotado&idAto=59268,,,,,
4930,"Portaria Cosar nº 13, de 05 de setembro de 1997",Desliga o Banco do Estado do Amapá S.A. do Sistema de Arrecadação de Receitas Federais.,http://normas.receita.fazenda.gov.br/sijut2consulta/link.action?visao=anotado&idAto=20978,,,,,
10194,"Portaria SRF nº 442, de 12 de abril de 2006",Transfere a competência para o julgamento de processos administrativos fiscais entre Delegacias da Receita Federal de Julgamento.,http://normas.receita.fazenda.gov.br/sijut2consulta/link.action?visao=anotado&idAto=27827,,,,,
595,"Instrução Normativa SRF nº 128, de 30 de dezembro de 1985","Dispõe sobre a apuração da renda líquida e do rendimento bruto para fins de cálculo do imposto de renda na fonte, a partir de 19 de janeiro de 1986, relativo aos rendimentos assalariado e não assalariado. Revogado(a) pelo(a) Instrução Normativa SRF nº 79 de 01 de agosto de 2000",http://normas.receita.fazenda.gov.br/sijut2consulta/link.action?visao=anotado&idAto=109006,,,,,
4358,"Instrução Normativa SRF nº 1, de 03 de janeiro de 1995","Revoga a Instrução Normativa SRF nº 63, de 17 de agosto de 1994. Revogado(a) pelo(a) Instrução Normativa RFB nº 1946 de 06 de maio de 2020",http://normas.receita.fazenda.gov.br/sijut2consulta/link.action?visao=anotado&idAto=12653,,,,,
6887,"Instrução Normativa SRF nº 25, de 29 de fevereiro de 2000",Aprova os programas aplicativos para elaboração das Declarações de Ajuste relativas a final de espólio e a saída definitiva do País. Revogado(a) pelo(a) Instrução Normativa SRF nº 18 de 20 de fevereiro de 2001,http://normas.receita.fazenda.gov.br/sijut2consulta/link.action?visao=anotado&idAto=13391,,,,,
13165,"Instrução Normativa RFB nº 1205, de 31 de outubro de 2011","Altera os prazos para o cumprimento de obrigações acessórias relativas aos tributos administrados pela Secretaria da Receita Federal do Brasil (RFB), na situação que especifica. Revogado(a) pelo(a) Instrução Normativa RFB nº 1949 de 12 de maio de 2020",http://normas.receita.fazenda.gov.br/sijut2consulta/link.action?visao=anotado&idAto=36628,,,,,
